fyear,industry_avg_revenue_mm
2020,2545.49185206422
2021,2849.5082216035635
2022,3212.8847977528094
2023,3304.5207008149014
2024,3628.1507071688943
2025,5045.951144112478
